{"cameraMode":{"drawMode":0,"name":"Shaded","section":"Shading Mode"},"sceneLighting":true,"audioPlay":false,"sceneViewState":{"showFog":true,"showMaterialUpdate":false,"showSkybox":true,"showFlares":true,"showImageEffects":true,"showParticleSystems":true,"showVisualEffectGraphs":true,"m_FxEnabled":true},"in2DMode":false,"pivot":{"x":1.8523929119110108,"y":3.6698970794677736,"z":-2.5513410568237306},"rotation":{"x":-0.018388548865914346,"y":0.9728330969810486,"z":-0.21530814468860627,"w":-0.08308577537536621},"size":6.936951160430908,"orthographic":false}