{"cameraMode":{"drawMode":0,"name":"Shaded","section":"Shading Mode"},"sceneLighting":true,"audioPlay":false,"sceneViewState":{"showFog":true,"showMaterialUpdate":false,"showSkybox":true,"showFlares":true,"showImageEffects":true,"showParticleSystems":true,"showVisualEffectGraphs":true,"m_FxEnabled":true},"in2DMode":false,"pivot":{"x":5.586588382720947,"y":0.7119479179382324,"z":1.9661450386047364},"rotation":{"x":0.12745749950408936,"y":-0.008930852636694909,"z":0.0011470649624243379,"w":0.9918072819709778},"size":9.399686813354493,"orthographic":false}